Workbook

Sheet สรุปภาพรวมและสถิติเกรด
A1: 📊 รายงานสรุปผลการประเมินและแจกแจงเกรด สัดส่วน 20 : 50 : 10 : 20
A2: รหัสวิชา 21909-1006 พื้นฐานการสร้างเว็บไซต์ | ระดับชั้น ปวช. 1 ชทค. (ห้อง 1 และ 2 รวม 34 คน) | ปีการศึกษา 2569
A4: 📌 โครงสร้างสัดส่วนการตัดเกรด 100 คะแนน
A5: หมวดการประเมิน | B5: สัดส่วน | C5: คะแนนเต็ม | D5: วิธีการแปลงคะแนนจากข้อมูลจริง | E5: เกณฑ์อ้างอิง
A6: 1. จิตพิสัย (คุณธรรม จริยธรรม เจตคติ) | B6: 20% | C6: 20 คะแนน | D6: ตั้งค่าเริ่มต้น 20 คะแนน (แก้ไขปรับลดตาม ขาด/ลา/สาย ได้) | E6: ระเบียบ สอศ. ข้อ 4
A7: 2. คะแนนเก็บระหว่างภาค (แบบฝึกหัด 1-8 + โปรเจค) | B7: 50% | C7: 50 คะแนน | D7: ทอนจากคะแนนเก็บเต็ม 100 คะแนน = (คะแนนดิบ ÷ 100) × 50 | E7: งานใน Google Classroom
A8: 3. สอบกลางภาค (Midterm Examination) | B8: 10% | C8: 10 คะแนน | D8: ทอนจากคะแนนสอบกลางภาค = (คะแนนดิบ ÷ คะแนนเต็มดิบ) × 10 | E8: ข้อสอบกลางภาค
A9: 4. สอบปลายภาค (Final Examination) | B9: 20% | C9: 20 คะแนน | D9: ทอนจากคะแนนสอบปลายภาคเต็ม 50 = (คะแนนดิบ ÷ 50) × 20 | E9: ปรนัย 30 + อัตนัย 20
A10: รวมทั้งสิ้น (Total Net Score) | B10: 100% | C10: 100 คะแนน | D10: รวมทุกหมวดเข้าด้วยกัน ตัดเกรด 8 ระดับ (0 - 4.0) | E10: เกณฑ์มาตรฐาน ปวช.
A13: 📈 การแจกแจงระดับผลการเรียน (Grade Distribution 8 ระดับ)
A14: ช่วงคะแนน (100) | B14: เกรด | C14: ความหมาย | D14: ห้อง 1 (18 คน) | E14: ห้อง 2 (16 คน) | F14: รวม (34 คน) | G14: ร้อยละ
A15: 80 - 100 คะแนน | B15: 4.0 | C15: ดีเยี่ยม (Excellent) | D15: =COUNTIFS('ตัดเกรด ห้อง 1'!L7:L24, ">=80", 'ตัดเกรด ห้อง 1'!L7:L24, "<=100") -> 4 | E15: =COUNTIFS('ตัดเกรด ห้อง 2'!L7:L22, ">=80", 'ตัดเกรด ห้อง 2'!L7:L22, "<=100") -> 0 | F15: =SUM(D15:E15) -> 4 | G15: =ROUND(F15/34*100, 1) & "%" -> 11.8%
A16: 75 - 79 คะแนน | B16: 3.5 | C16: ดีมาก (Very Good) | D16: =COUNTIFS('ตัดเกรด ห้อง 1'!L7:L24, ">=75", 'ตัดเกรด ห้อง 1'!L7:L24, "<80") -> 2 | E16: =COUNTIFS('ตัดเกรด ห้อง 2'!L7:L22, ">=75", 'ตัดเกรด ห้อง 2'!L7:L22, "<80") -> 3 | F16: =SUM(D16:E16) -> 5 | G16: =ROUND(F16/34*100, 1) & "%" -> 14.7%
A17: 70 - 74 คะแนน | B17: 3.0 | C17: ดี (Good) | D17: =COUNTIFS('ตัดเกรด ห้อง 1'!L7:L24, ">=70", 'ตัดเกรด ห้อง 1'!L7:L24, "<75") -> 3 | E17: =COUNTIFS('ตัดเกรด ห้อง 2'!L7:L22, ">=70", 'ตัดเกรด ห้อง 2'!L7:L22, "<75") -> 2 | F17: =SUM(D17:E17) -> 5 | G17: =ROUND(F17/34*100, 1) & "%" -> 14.7%
A18: 65 - 69 คะแนน | B18: 2.5 | C18: ค่อนข้างดี (Fairly Good) | D18: =COUNTIFS('ตัดเกรด ห้อง 1'!L7:L24, ">=65", 'ตัดเกรด ห้อง 1'!L7:L24, "<70") -> 2 | E18: =COUNTIFS('ตัดเกรด ห้อง 2'!L7:L22, ">=65", 'ตัดเกรด ห้อง 2'!L7:L22, "<70") -> 2 | F18: =SUM(D18:E18) -> 4 | G18: =ROUND(F18/34*100, 1) & "%" -> 11.8%
A19: 60 - 64 คะแนน | B19: 2.0 | C19: พอใช้ (Fair) | D19: =COUNTIFS('ตัดเกรด ห้อง 1'!L7:L24, ">=60", 'ตัดเกรด ห้อง 1'!L7:L24, "<65") -> 2 | E19: =COUNTIFS('ตัดเกรด ห้อง 2'!L7:L22, ">=60", 'ตัดเกรด ห้อง 2'!L7:L22, "<65") -> 3 | F19: =SUM(D19:E19) -> 5 | G19: =ROUND(F19/34*100, 1) & "%" -> 14.7%
A20: 55 - 59 คะแนน | B20: 1.5 | C20: อ่อน (Poor) | D20: =COUNTIFS('ตัดเกรด ห้อง 1'!L7:L24, ">=55", 'ตัดเกรด ห้อง 1'!L7:L24, "<60") -> 1 | E20: =COUNTIFS('ตัดเกรด ห้อง 2'!L7:L22, ">=55", 'ตัดเกรด ห้อง 2'!L7:L22, "<60") -> 1 | F20: =SUM(D20:E20) -> 2 | G20: =ROUND(F20/34*100, 1) & "%" -> 5.9%
A21: 50 - 54 คะแนน | B21: 1.0 | C21: อ่อนมาก (Very Poor) | D21: =COUNTIFS('ตัดเกรด ห้อง 1'!L7:L24, ">=50", 'ตัดเกรด ห้อง 1'!L7:L24, "<55") -> 2 | E21: =COUNTIFS('ตัดเกรด ห้อง 2'!L7:L22, ">=50", 'ตัดเกรด ห้อง 2'!L7:L22, "<55") -> 0 | F21: =SUM(D21:E21) -> 2 | G21: =ROUND(F21/34*100, 1) & "%" -> 5.9%
A22: 0 - 49 คะแนน | B22: 0.0 | C22: ไม่ผ่านเกณฑ์ (Fail) | D22: =COUNTIFS('ตัดเกรด ห้อง 1'!L7:L24, ">=0", 'ตัดเกรด ห้อง 1'!L7:L24, "<50") -> 2 | E22: =COUNTIFS('ตัดเกรด ห้อง 2'!L7:L22, ">=0", 'ตัดเกรด ห้อง 2'!L7:L22, "<50") -> 5 | F22: =SUM(D22:E22) -> 7 | G22: =ROUND(F22/34*100, 1) & "%" -> 20.6%
A23: รวมนักเรียนทั้งหมด | B23: - | C23: 34 คน | D23: =SUM(D15:D22) -> 18 | E23: =SUM(E15:E22) -> 16 | F23: =SUM(F15:F22) -> 34 | G23: 100.0%
A26: 🏆 สรุปตัวชี้วัดผลสัมฤทธิ์ทางการเรียน (Key Academic Metrics)
A27: ตัวชี้วัด | B27: ห้อง 1 | C27: ห้อง 2 | D27: รวมทั้งสิ้น / ค่าเฉลี่ยรวม | E27: หมายเหตุ
A28: เกรดเฉลี่ยรายวิชา (GPA) | B28: =ROUND(AVERAGE('ตัดเกรด ห้อง 1'!M7:M24), 2) -> 2.47 | C28: =ROUND(AVERAGE('ตัดเกรด ห้อง 2'!M7:M22), 2) -> 1.81 | D28: =ROUND((AVERAGE('ตัดเกรด ห้อง 1'!M7:M24)*18 + AVERAGE('ตัดเกรด ห้อง 2'!M7:M22)*16)/34, 2) -> 2.16 | E28: เกรดเฉลี่ยประชากรนักเรียน
A29: คะแนนเฉลี่ยรวม (เต็ม 100) | B29: =ROUND(AVERAGE('ตัดเกรด ห้อง 1'!L7:L24), 2) -> 65.39 | C29: =ROUND(AVERAGE('ตัดเกรด ห้อง 2'!L7:L22), 2) -> 58.71 | D29: =ROUND((AVERAGE('ตัดเกรด ห้อง 1'!L7:L24)*18 + AVERAGE('ตัดเกรด ห้อง 2'!L7:L22)*16)/34, 2) -> 62.25 | E29: รวมทุกสัดส่วน 100 คะแนน
A30: คะแนนสูงสุด (Max) | B30: =MAX('ตัดเกรด ห้อง 1'!L7:L24) -> 87.6 | C30: =MAX('ตัดเกรด ห้อง 2'!L7:L22) -> 79.3 | D30: =MAX('ตัดเกรด ห้อง 1'!L7:L24, 'ตัดเกรด ห้อง 2'!L7:L22) -> 87.6 | E30: คะแนนรวมสูงสุดในแต่ละห้อง
A31: คะแนนต่ำสุด (Min) | B31: =MIN('ตัดเกรด ห้อง 1'!L7:L24) -> 14.5 | C31: =MIN('ตัดเกรด ห้อง 2'!L7:L22) -> 24.5 | D31: =MIN('ตัดเกรด ห้อง 1'!L7:L24, 'ตัดเกรด ห้อง 2'!L7:L22) -> 14.5 | E31: คะแนนรวมต่ำสุดในแต่ละห้อง
A32: จำนวนนักเรียนที่ผ่านเกณฑ์ (เกรด ≥ 1.0) | B32: =COUNTIF('ตัดเกรด ห้อง 1'!M7:M24, ">=1.0") -> 16 | C32: =COUNTIF('ตัดเกรด ห้อง 2'!M7:M22, ">=1.0") -> 11 | D32: =COUNTIF('ตัดเกรด ห้อง 1'!M7:M24, ">=1.0") + COUNTIF('ตัดเกรด ห้อง 2'!M7:M22, ">=1.0") -> 27 | E32: เกณฑ์ผ่านร้อยละ 50 ของคะแนนเต็ม
A33: ร้อยละการผ่านเกณฑ์ | B33: =ROUND(B32/18*100, 1) & "%" -> 88.9% | C33: =ROUND(C32/16*100, 1) & "%" -> 68.8% | D33: =ROUND(D32/34*100, 1) & "%" -> 79.4% | E33: เทียบกับจำนวนนักเรียนทั้งหมด
A34: จำนวนนักเรียนระดับดีขึ้นไป (เกรด ≥ 3.0) | B34: =COUNTIF('ตัดเกรด ห้อง 1'!M7:M24, ">=3.0") -> 9 | C34: =COUNTIF('ตัดเกรด ห้อง 2'!M7:M22, ">=3.0") -> 5 | D34: =COUNTIF('ตัดเกรด ห้อง 1'!M7:M24, ">=3.0") + COUNTIF('ตัดเกรด ห้อง 2'!M7:M22, ">=3.0") -> 14 | E34: เกรด 3.0, 3.5, 4.0

Sheet ตัดเกรด ห้อง 1
A1: 🎓 แบบจำลองการตัดเกรดผลการเรียนรู้ สัดส่วน 20 : 50 : 10 : 20 - ห้อง 1 (18 คน)
A2: รหัสวิชา 21909-1006 พื้นฐานการสร้างเว็บไซต์ | สัดส่วนคะแนน: จิตพิสัย 20% + แบบฝึกหัด 50% + กลางภาค 10% + ปลายภาค 20% = 100% | ห้อง 1 (18 คน)
A4: ข้อมูลนักศึกษา | E4: จิตพิสัย (20%) | F4: คะแนนเก็บ (50%) | H4: กลางภาค (10%) | J4: ปลายภาค (20%) | L4: สรุปผลการเรียนและตัดเกรด (เต็ม 100)
A5: เลขที่ | B5: รหัสนักศึกษา | C5: รหัส (3 ตัว) | D5: ชื่อ - นามสกุล | E5: คะแนนจิตพิสัย (เต็ม 20) | F5: คะแนนดิบ (เต็ม 100) | G5: ทอนสัดส่วน (เต็ม 50) | H5: คะแนนดิบ (กลางภาค) | I5: ทอนสัดส่วน (เต็ม 10) | J5: คะแนนดิบ (เต็ม 50) | K5: ทอนสัดส่วน (เต็ม 20) | L5: คะแนนรวมสุทธิ (เต็ม 100) | M5: เกรด (0 - 4) | N5: ผลการเรียนรู้ (การแปลผล) | O5: ลำดับที่ (Rank)
D6: สัดส่วน / คะแนนเต็ม | E6: 20 | F6: 100 | G6: 50 | H6: 100 | I6: 10 | J6: 50 | K6: 20 | L6: 100 | M6: 4 | N6: - | O6: -
A7: 1 | B7: 69219090001 | C7: 001 | D7: นายกฤศมน บุญเปี่ยม | E7: 20 | F7: 66 | G7: =IF(ISNUMBER(F7), ROUND(F7/$F$6*$G$6, 2), 0) -> 33 | H7: 23 | I7: =IF(ISNUMBER(H7), ROUND(H7/$H$6*$I$6, 2), 0) -> 2.3 | J7: 24 | K7: =IF(ISNUMBER(J7), ROUND(J7/$J$6*$K$6, 2), 0) -> 9.6 | L7: =ROUND(E7+G7+I7+K7, 2) -> 64.9 | M7: =IF(L7>=80, 4, IF(L7>=75, 3.5, IF(L7>=70, 3, IF(L7>=65, 2.5, IF(L7>=60, 2, IF(L7>=55, 1.5, IF(L7>=50, 1, 0))))))) -> 2 | N7: =IF(M7>=4, "ดีเยี่ยม", IF(M7>=3.5, "ดีมาก", IF(M7>=3, "ดี", IF(M7>=2.5, "ค่อนข้างดี", IF(M7>=2, "พอใช้", IF(M7>=1.5, "อ่อน", IF(M7>=1, "อ่อนมาก", "ไม่ผ่าน"))))))) -> พอใช้ | O7: =RANK(L7, $L$7:$L$24) -> 12
A8: 2 | B8: 69219090002 | C8: 002 | D8: เด็กชายกษธณชล การรักเรียน | E8: 20 | F8: 58 | G8: =IF(ISNUMBER(F8), ROUND(F8/$F$6*$G$6, 2), 0) -> 29 | H8: 11 | I8: =IF(ISNUMBER(H8), ROUND(H8/$H$6*$I$6, 2), 0) -> 1.1 | J8: 18 | K8: =IF(ISNUMBER(J8), ROUND(J8/$J$6*$K$6, 2), 0) -> 7.2 | L8: =ROUND(E8+G8+I8+K8, 2) -> 57.3 | M8: =IF(L8>=80, 4, IF(L8>=75, 3.5, IF(L8>=70, 3, IF(L8>=65, 2.5, IF(L8>=60, 2, IF(L8>=55, 1.5, IF(L8>=50, 1, 0))))))) -> 1.5 | N8: =IF(M8>=4, "ดีเยี่ยม", IF(M8>=3.5, "ดีมาก", IF(M8>=3, "ดี", IF(M8>=2.5, "ค่อนข้างดี", IF(M8>=2, "พอใช้", IF(M8>=1.5, "อ่อน", IF(M8>=1, "อ่อนมาก", "ไม่ผ่าน"))))))) -> อ่อน | O8: =RANK(L8, $L$7:$L$24) -> 14
A9: 3 | B9: 69219090003 | C9: 003 | D9: นางสาวกัญญ์วรา ทองดี | E9: 20 | F9: 87 | G9: =IF(ISNUMBER(F9), ROUND(F9/$F$6*$G$6, 2), 0) -> 43.5 | H9: 56 | I9: =IF(ISNUMBER(H9), ROUND(H9/$H$6*$I$6, 2), 0) -> 5.6 | J9: 44 | K9: =IF(ISNUMBER(J9), ROUND(J9/$J$6*$K$6, 2), 0) -> 17.6 | L9: =ROUND(E9+G9+I9+K9, 2) -> 86.7 | M9: =IF(L9>=80, 4, IF(L9>=75, 3.5, IF(L9>=70, 3, IF(L9>=65, 2.5, IF(L9>=60, 2, IF(L9>=55, 1.5, IF(L9>=50, 1, 0))))))) -> 4 | N9: =IF(M9>=4, "ดีเยี่ยม", IF(M9>=3.5, "ดีมาก", IF(M9>=3, "ดี", IF(M9>=2.5, "ค่อนข้างดี", IF(M9>=2, "พอใช้", IF(M9>=1.5, "อ่อน", IF(M9>=1, "อ่อนมาก", "ไม่ผ่าน"))))))) -> ดีเยี่ยม | O9: =RANK(L9, $L$7:$L$24) -> 2
A10: 4 | B10: 69219090004 | C10: 004 | D10: นายกันธรักษ์ พานทอง | E10: 20 | F10: 87 | G10: =IF(ISNUMBER(F10), ROUND(F10/$F$6*$G$6, 2), 0) -> 43.5 | H10: 20 | I10: =IF(ISNUMBER(H10), ROUND(H10/$H$6*$I$6, 2), 0) -> 2 | J10: 23 | K10: =IF(ISNUMBER(J10), ROUND(J10/$J$6*$K$6, 2), 0) -> 9.2 | L10: =ROUND(E10+G10+I10+K10, 2) -> 74.7 | M10: =IF(L10>=80, 4, IF(L10>=75, 3.5, IF(L10>=70, 3, IF(L10>=65, 2.5, IF(L10>=60, 2, IF(L10>=55, 1.5, IF(L10>=50, 1, 0))))))) -> 3 | N10: =IF(M10>=4, "ดีเยี่ยม", IF(M10>=3.5, "ดีมาก", IF(M10>=3, "ดี", IF(M10>=2.5, "ค่อนข้างดี", IF(M10>=2, "พอใช้", IF(M10>=1.5, "อ่อน", IF(M10>=1, "อ่อนมาก", "ไม่ผ่าน"))))))) -> ดี | O10: =RANK(L10, $L$7:$L$24) -> 7
A11: 5 | B11: 69219090005 | C11: 005 | D11: เด็กชายคุณานนต์ พิมพ์จันทร์ | E11: 10 | F11: 77 | G11: =IF(ISNUMBER(F11), ROUND(F11/$F$6*$G$6, 2), 0) -> 38.5 | H11: - | I11: =IF(ISNUMBER(H11), ROUND(H11/$H$6*$I$6, 2), 0) -> 0 | J11: 32 | K11: =IF(ISNUMBER(J11), ROUND(J11/$J$6*$K$6, 2), 0) -> 12.8 | L11: =ROUND(E11+G11+I11+K11, 2) -> 61.3 | M11: =IF(L11>=80, 4, IF(L11>=75, 3.5, IF(L11>=70, 3, IF(L11>=65, 2.5, IF(L11>=60, 2, IF(L11>=55, 1.5, IF(L11>=50, 1, 0))))))) -> 2 | N11: =IF(M11>=4, "ดีเยี่ยม", IF(M11>=3.5, "ดีมาก", IF(M11>=3, "ดี", IF(M11>=2.5, "ค่อนข้างดี", IF(M11>=2, "พอใช้", IF(M11>=1.5, "อ่อน", IF(M11>=1, "อ่อนมาก", "ไม่ผ่าน"))))))) -> พอใช้ | O11: =RANK(L11, $L$7:$L$24) -> 13
A12: 6 | B12: 69219090006 | C12: 006 | D12: เด็กชายเฉลิมวงศ์ มะลิใย | E12: 20 | F12: 68 | G12: =IF(ISNUMBER(F12), ROUND(F12/$F$6*$G$6, 2), 0) -> 34 | H12: 23 | I12: =IF(ISNUMBER(H12), ROUND(H12/$H$6*$I$6, 2), 0) -> 2.3 | J12: 26 | K12: =IF(ISNUMBER(J12), ROUND(J12/$J$6*$K$6, 2), 0) -> 10.4 | L12: =ROUND(E12+G12+I12+K12, 2) -> 66.7 | M12: =IF(L12>=80, 4, IF(L12>=75, 3.5, IF(L12>=70, 3, IF(L12>=65, 2.5, IF(L12>=60, 2, IF(L12>=55, 1.5, IF(L12>=50, 1, 0))))))) -> 2.5 | N12: =IF(M12>=4, "ดีเยี่ยม", IF(M12>=3.5, "ดีมาก", IF(M12>=3, "ดี", IF(M12>=2.5, "ค่อนข้างดี", IF(M12>=2, "พอใช้", IF(M12>=1.5, "อ่อน", IF(M12>=1, "อ่อนมาก", "ไม่ผ่าน"))))))) -> ค่อนข้างดี | O12: =RANK(L12, $L$7:$L$24) -> 11
A13: 7 | B13: 69219090007 | C13: 007 | D13: นางสาวชลดา เรือนแก้ว | E13: 20 | F13: 35 | G13: =IF(ISNUMBER(F13), ROUND(F13/$F$6*$G$6, 2), 0) -> 17.5 | H13: 35 | I13: =IF(ISNUMBER(H13), ROUND(H13/$H$6*$I$6, 2), 0) -> 3.5 | J13: 23.5 | K13: =IF(ISNUMBER(J13), ROUND(J13/$J$6*$K$6, 2), 0) -> 9.4 | L13: =ROUND(E13+G13+I13+K13, 2) -> 50.4 | M13: =IF(L13>=80, 4, IF(L13>=75, 3.5, IF(L13>=70, 3, IF(L13>=65, 2.5, IF(L13>=60, 2, IF(L13>=55, 1.5, IF(L13>=50, 1, 0))))))) -> 1 | N13: =IF(M13>=4, "ดีเยี่ยม", IF(M13>=3.5, "ดีมาก", IF(M13>=3, "ดี", IF(M13>=2.5, "ค่อนข้างดี", IF(M13>=2, "พอใช้", IF(M13>=1.5, "อ่อน", IF(M13>=1, "อ่อนมาก", "ไม่ผ่าน"))))))) -> อ่อนมาก | O13: =RANK(L13, $L$7:$L$24) -> 16
A14: 8 | B14: 69219090008 | C14: 008 | D14: นายณัฐกรณ์ กองทอง | E14: 10 | F14: 43 | G14: =IF(ISNUMBER(F14), ROUND(F14/$F$6*$G$6, 2), 0) -> 21.5 | H14: - | I14: =IF(ISNUMBER(H14), ROUND(H14/$H$6*$I$6, 2), 0) -> 0 | J14: - | K14: =IF(ISNUMBER(J14), ROUND(J14/$J$6*$K$6, 2), 0) -> 0 | L14: =ROUND(E14+G14+I14+K14, 2) -> 31.5 | M14: =IF(L14>=80, 4, IF(L14>=75, 3.5, IF(L14>=70, 3, IF(L14>=65, 2.5, IF(L14>=60, 2, IF(L14>=55, 1.5, IF(L14>=50, 1, 0))))))) -> 0 | N14: =IF(M14>=4, "ดีเยี่ยม", IF(M14>=3.5, "ดีมาก", IF(M14>=3, "ดี", IF(M14>=2.5, "ค่อนข้างดี", IF(M14>=2, "พอใช้", IF(M14>=1.5, "อ่อน", IF(M14>=1, "อ่อนมาก", "ไม่ผ่าน"))))))) -> ไม่ผ่าน | O14: =RANK(L14, $L$7:$L$24) -> 17
A15: 9 | B15: 69219090009 | C15: 009 | D15: นายณัฐพล ทวีทรัพย์ | E15: 20 | F15: 76 | G15: =IF(ISNUMBER(F15), ROUND(F15/$F$6*$G$6, 2), 0) -> 38 | H15: 28 | I15: =IF(ISNUMBER(H15), ROUND(H15/$H$6*$I$6, 2), 0) -> 2.8 | J15: 21 | K15: =IF(ISNUMBER(J15), ROUND(J15/$J$6*$K$6, 2), 0) -> 8.4 | L15: =ROUND(E15+G15+I15+K15, 2) -> 69.2 | M15: =IF(L15>=80, 4, IF(L15>=75, 3.5, IF(L15>=70, 3, IF(L15>=65, 2.5, IF(L15>=60, 2, IF(L15>=55, 1.5, IF(L15>=50, 1, 0))))))) -> 2.5 | N15: =IF(M15>=4, "ดีเยี่ยม", IF(M15>=3.5, "ดีมาก", IF(M15>=3, "ดี", IF(M15>=2.5, "ค่อนข้างดี", IF(M15>=2, "พอใช้", IF(M15>=1.5, "อ่อน", IF(M15>=1, "อ่อนมาก", "ไม่ผ่าน"))))))) -> ค่อนข้างดี | O15: =RANK(L15, $L$7:$L$24) -> 10
A16: 10 | B16: 69219090010 | C16: 010 | D16: นายต้นตระการ เพชรภู่ | E16: 20 | F16: 55 | G16: =IF(ISNUMBER(F16), ROUND(F16/$F$6*$G$6, 2), 0) -> 27.5 | H16: 13 | I16: =IF(ISNUMBER(H16), ROUND(H16/$H$6*$I$6, 2), 0) -> 1.3 | J16: 6 | K16: =IF(ISNUMBER(J16), ROUND(J16/$J$6*$K$6, 2), 0) -> 2.4 | L16: =ROUND(E16+G16+I16+K16, 2) -> 51.2 | M16: =IF(L16>=80, 4, IF(L16>=75, 3.5, IF(L16>=70, 3, IF(L16>=65, 2.5, IF(L16>=60, 2, IF(L16>=55, 1.5, IF(L16>=50, 1, 0))))))) -> 1 | N16: =IF(M16>=4, "ดีเยี่ยม", IF(M16>=3.5, "ดีมาก", IF(M16>=3, "ดี", IF(M16>=2.5, "ค่อนข้างดี", IF(M16>=2, "พอใช้", IF(M16>=1.5, "อ่อน", IF(M16>=1, "อ่อนมาก", "ไม่ผ่าน"))))))) -> อ่อนมาก | O16: =RANK(L16, $L$7:$L$24) -> 15
A17: 11 | B17: 69219090011 | C17: 011 | D17: นายตฤณ ตาดทอง | E17: 20 | F17: 88 | G17: =IF(ISNUMBER(F17), ROUND(F17/$F$6*$G$6, 2), 0) -> 44 | H17: 30 | I17: =IF(ISNUMBER(H17), ROUND(H17/$H$6*$I$6, 2), 0) -> 3 | J17: 30 | K17: =IF(ISNUMBER(J17), ROUND(J17/$J$6*$K$6, 2), 0) -> 12 | L17: =ROUND(E17+G17+I17+K17, 2) -> 79 | M17: =IF(L17>=80, 4, IF(L17>=75, 3.5, IF(L17>=70, 3, IF(L17>=65, 2.5, IF(L17>=60, 2, IF(L17>=55, 1.5, IF(L17>=50, 1, 0))))))) -> 3.5 | N17: =IF(M17>=4, "ดีเยี่ยม", IF(M17>=3.5, "ดีมาก", IF(M17>=3, "ดี", IF(M17>=2.5, "ค่อนข้างดี", IF(M17>=2, "พอใช้", IF(M17>=1.5, "อ่อน", IF(M17>=1, "อ่อนมาก", "ไม่ผ่าน"))))))) -> ดีมาก | O17: =RANK(L17, $L$7:$L$24) -> 5
A18: 12 | B18: 69219090012 | C18: 012 | D18: นายธนพัฒน์ บุญเรือง | E18: 20 | F18: 87 | G18: =IF(ISNUMBER(F18), ROUND(F18/$F$6*$G$6, 2), 0) -> 43.5 | H18: 50 | I18: =IF(ISNUMBER(H18), ROUND(H18/$H$6*$I$6, 2), 0) -> 5 | J18: 34 | K18: =IF(ISNUMBER(J18), ROUND(J18/$J$6*$K$6, 2), 0) -> 13.6 | L18: =ROUND(E18+G18+I18+K18, 2) -> 82.1 | M18: =IF(L18>=80, 4, IF(L18>=75, 3.5, IF(L18>=70, 3, IF(L18>=65, 2.5, IF(L18>=60, 2, IF(L18>=55, 1.5, IF(L18>=50, 1, 0))))))) -> 4 | N18: =IF(M18>=4, "ดีเยี่ยม", IF(M18>=3.5, "ดีมาก", IF(M18>=3, "ดี", IF(M18>=2.5, "ค่อนข้างดี", IF(M18>=2, "พอใช้", IF(M18>=1.5, "อ่อน", IF(M18>=1, "อ่อนมาก", "ไม่ผ่าน"))))))) -> ดีเยี่ยม | O18: =RANK(L18, $L$7:$L$24) -> 3
A19: 13 | B19: 69219090013 | C19: 013 | D19: นายธีรภัทร วาสิทธิ์เทพ | E19: 20 | F19: 78 | G19: =IF(ISNUMBER(F19), ROUND(F19/$F$6*$G$6, 2), 0) -> 39 | H19: 24 | I19: =IF(ISNUMBER(H19), ROUND(H19/$H$6*$I$6, 2), 0) -> 2.4 | J19: 22 | K19: =IF(ISNUMBER(J19), ROUND(J19/$J$6*$K$6, 2), 0) -> 8.8 | L19: =ROUND(E19+G19+I19+K19, 2) -> 70.2 | M19: =IF(L19>=80, 4, IF(L19>=75, 3.5, IF(L19>=70, 3, IF(L19>=65, 2.5, IF(L19>=60, 2, IF(L19>=55, 1.5, IF(L19>=50, 1, 0))))))) -> 3 | N19: =IF(M19>=4, "ดีเยี่ยม", IF(M19>=3.5, "ดีมาก", IF(M19>=3, "ดี", IF(M19>=2.5, "ค่อนข้างดี", IF(M19>=2, "พอใช้", IF(M19>=1.5, "อ่อน", IF(M19>=1, "อ่อนมาก", "ไม่ผ่าน"))))))) -> ดี | O19: =RANK(L19, $L$7:$L$24) -> 9
A20: 14 | B20: 69219090014 | C20: 014 | D20: นายภูเบต ควันทอง | E20: 10 | F20: 9 | G20: =IF(ISNUMBER(F20), ROUND(F20/$F$6*$G$6, 2), 0) -> 4.5 | H20: - | I20: =IF(ISNUMBER(H20), ROUND(H20/$H$6*$I$6, 2), 0) -> 0 | J20: - | K20: =IF(ISNUMBER(J20), ROUND(J20/$J$6*$K$6, 2), 0) -> 0 | L20: =ROUND(E20+G20+I20+K20, 2) -> 14.5 | M20: =IF(L20>=80, 4, IF(L20>=75, 3.5, IF(L20>=70, 3, IF(L20>=65, 2.5, IF(L20>=60, 2, IF(L20>=55, 1.5, IF(L20>=50, 1, 0))))))) -> 0 | N20: =IF(M20>=4, "ดีเยี่ยม", IF(M20>=3.5, "ดีมาก", IF(M20>=3, "ดี", IF(M20>=2.5, "ค่อนข้างดี", IF(M20>=2, "พอใช้", IF(M20>=1.5, "อ่อน", IF(M20>=1, "อ่อนมาก", "ไม่ผ่าน"))))))) -> ไม่ผ่าน | O20: =RANK(L20, $L$7:$L$24) -> 18
A21: 15 | B21: 69219090015 | C21: 015 | D21: นายภูวพิศิษฐ์ ใหลสกุล | E21: 20 | F21: 85 | G21: =IF(ISNUMBER(F21), ROUND(F21/$F$6*$G$6, 2), 0) -> 42.5 | H21: 71 | I21: =IF(ISNUMBER(H21), ROUND(H21/$H$6*$I$6, 2), 0) -> 7.1 | J21: 45 | K21: =IF(ISNUMBER(J21), ROUND(J21/$J$6*$K$6, 2), 0) -> 18 | L21: =ROUND(E21+G21+I21+K21, 2) -> 87.6 | M21: =IF(L21>=80, 4, IF(L21>=75, 3.5, IF(L21>=70, 3, IF(L21>=65, 2.5, IF(L21>=60, 2, IF(L21>=55, 1.5, IF(L21>=50, 1, 0))))))) -> 4 | N21: =IF(M21>=4, "ดีเยี่ยม", IF(M21>=3.5, "ดีมาก", IF(M21>=3, "ดี", IF(M21>=2.5, "ค่อนข้างดี", IF(M21>=2, "พอใช้", IF(M21>=1.5, "อ่อน", IF(M21>=1, "อ่อนมาก", "ไม่ผ่าน"))))))) -> ดีเยี่ยม | O21: =RANK(L21, $L$7:$L$24) -> 1
A22: 16 | B22: 69219090016 | C22: 016 | D22: นางสาวมินตา บินอามัด | E22: 20 | F22: 87 | G22: =IF(ISNUMBER(F22), ROUND(F22/$F$6*$G$6, 2), 0) -> 43.5 | H22: 34 | I22: =IF(ISNUMBER(H22), ROUND(H22/$H$6*$I$6, 2), 0) -> 3.4 | J22: 17 | K22: =IF(ISNUMBER(J22), ROUND(J22/$J$6*$K$6, 2), 0) -> 6.8 | L22: =ROUND(E22+G22+I22+K22, 2) -> 73.7 | M22: =IF(L22>=80, 4, IF(L22>=75, 3.5, IF(L22>=70, 3, IF(L22>=65, 2.5, IF(L22>=60, 2, IF(L22>=55, 1.5, IF(L22>=50, 1, 0))))))) -> 3 | N22: =IF(M22>=4, "ดีเยี่ยม", IF(M22>=3.5, "ดีมาก", IF(M22>=3, "ดี", IF(M22>=2.5, "ค่อนข้างดี", IF(M22>=2, "พอใช้", IF(M22>=1.5, "อ่อน", IF(M22>=1, "อ่อนมาก", "ไม่ผ่าน"))))))) -> ดี | O22: =RANK(L22, $L$7:$L$24) -> 8
A23: 17 | B23: 69219090017 | C23: 017 | D23: นายอัรฮัม ยูนุ | E23: 20 | F23: 89 | G23: =IF(ISNUMBER(F23), ROUND(F23/$F$6*$G$6, 2), 0) -> 44.5 | H23: 35 | I23: =IF(ISNUMBER(H23), ROUND(H23/$H$6*$I$6, 2), 0) -> 3.5 | J23: 31 | K23: =IF(ISNUMBER(J23), ROUND(J23/$J$6*$K$6, 2), 0) -> 12.4 | L23: =ROUND(E23+G23+I23+K23, 2) -> 80.4 | M23: =IF(L23>=80, 4, IF(L23>=75, 3.5, IF(L23>=70, 3, IF(L23>=65, 2.5, IF(L23>=60, 2, IF(L23>=55, 1.5, IF(L23>=50, 1, 0))))))) -> 4 | N23: =IF(M23>=4, "ดีเยี่ยม", IF(M23>=3.5, "ดีมาก", IF(M23>=3, "ดี", IF(M23>=2.5, "ค่อนข้างดี", IF(M23>=2, "พอใช้", IF(M23>=1.5, "อ่อน", IF(M23>=1, "อ่อนมาก", "ไม่ผ่าน"))))))) -> ดีเยี่ยม | O23: =RANK(L23, $L$7:$L$24) -> 4
A24: 18 | B24: 69219090018 | C24: 018 | D24: นายอานนท์ณัฏฐ์ ไวพจน์ | E24: 20 | F24: 84 | G24: =IF(ISNUMBER(F24), ROUND(F24/$F$6*$G$6, 2), 0) -> 42 | H24: 33 | I24: =IF(ISNUMBER(H24), ROUND(H24/$H$6*$I$6, 2), 0) -> 3.3 | J24: 26 | K24: =IF(ISNUMBER(J24), ROUND(J24/$J$6*$K$6, 2), 0) -> 10.4 | L24: =ROUND(E24+G24+I24+K24, 2) -> 75.7 | M24: =IF(L24>=80, 4, IF(L24>=75, 3.5, IF(L24>=70, 3, IF(L24>=65, 2.5, IF(L24>=60, 2, IF(L24>=55, 1.5, IF(L24>=50, 1, 0))))))) -> 3.5 | N24: =IF(M24>=4, "ดีเยี่ยม", IF(M24>=3.5, "ดีมาก", IF(M24>=3, "ดี", IF(M24>=2.5, "ค่อนข้างดี", IF(M24>=2, "พอใช้", IF(M24>=1.5, "อ่อน", IF(M24>=1, "อ่อนมาก", "ไม่ผ่าน"))))))) -> ดีมาก | O24: =RANK(L24, $L$7:$L$24) -> 6
A25: คะแนนเฉลี่ย (Average) | E25: =IFERROR(ROUND(AVERAGE(E7:E24), 2), "-") -> 18.33 | F25: =IFERROR(ROUND(AVERAGE(F7:F24), 2), "-") -> 69.94 | G25: =IFERROR(ROUND(AVERAGE(G7:G24), 2), "-") -> 34.97 | H25: =IFERROR(ROUND(AVERAGE(H7:H24), 2), "-") -> 32.4 | I25: =IFERROR(ROUND(AVERAGE(I7:I24), 2), "-") -> 2.7 | J25: =IFERROR(ROUND(AVERAGE(J7:J24), 2), "-") -> 26.41 | K25: =IFERROR(ROUND(AVERAGE(K7:K24), 2), "-") -> 9.39 | L25: =IFERROR(ROUND(AVERAGE(L7:L24), 2), "-") -> 65.39 | M25: =IFERROR(ROUND(AVERAGE(M7:M24), 2), "-") -> 2.47
A26: คะแนนสูงสุด (Max) | E26: =IFERROR(MAX(E7:E24), "-") -> 20 | F26: =IFERROR(MAX(F7:F24), "-") -> 89 | G26: =IFERROR(MAX(G7:G24), "-") -> 44.5 | H26: =IFERROR(MAX(H7:H24), "-") -> 71 | I26: =IFERROR(MAX(I7:I24), "-") -> 7.1 | J26: =IFERROR(MAX(J7:J24), "-") -> 45 | K26: =IFERROR(MAX(K7:K24), "-") -> 18 | L26: =IFERROR(MAX(L7:L24), "-") -> 87.6 | M26: =IFERROR(MAX(M7:M24), "-") -> 4
A27: คะแนนต่ำสุด (Min) | E27: =IFERROR(MIN(E7:E24), "-") -> 10 | F27: =IFERROR(MIN(F7:F24), "-") -> 9 | G27: =IFERROR(MIN(G7:G24), "-") -> 4.5 | H27: =IFERROR(MIN(H7:H24), "-") -> 11 | I27: =IFERROR(MIN(I7:I24), "-") -> 0 | J27: =IFERROR(MIN(J7:J24), "-") -> 6 | K27: =IFERROR(MIN(K7:K24), "-") -> 0 | L27: =IFERROR(MIN(L7:L24), "-") -> 14.5 | M27: =IFERROR(MIN(M7:M24), "-") -> 0
A28: ส่วนเบี่ยงเบนมาตรฐาน (S.D.) | E28: =IFERROR(ROUND(_xludf.STDEV.P(E7:E24), 2), "-") -> - | F28: =IFERROR(ROUND(_xludf.STDEV.P(F7:F24), 2), "-") -> - | G28: =IFERROR(ROUND(_xludf.STDEV.P(G7:G24), 2), "-") -> - | H28: =IFERROR(ROUND(_xludf.STDEV.P(H7:H24), 2), "-") -> - | I28: =IFERROR(ROUND(_xludf.STDEV.P(I7:I24), 2), "-") -> - | J28: =IFERROR(ROUND(_xludf.STDEV.P(J7:J24), 2), "-") -> - | K28: =IFERROR(ROUND(_xludf.STDEV.P(K7:K24), 2), "-") -> - | L28: =IFERROR(ROUND(_xludf.STDEV.P(L7:L24), 2), "-") -> - | M28: =IFERROR(ROUND(_xludf.STDEV.P(M7:M24), 2), "-") -> -

Sheet ตัดเกรด ห้อง 2
A1: 🎓 แบบจำลองการตัดเกรดผลการเรียนรู้ สัดส่วน 20 : 50 : 10 : 20 - ห้อง 2 (16 คน)
A2: รหัสวิชา 21909-1006 พื้นฐานการสร้างเว็บไซต์ | สัดส่วนคะแนน: จิตพิสัย 20% + แบบฝึกหัด 50% + กลางภาค 10% + ปลายภาค 20% = 100% | ห้อง 2 (16 คน)
A4: ข้อมูลนักศึกษา | E4: จิตพิสัย (20%) | F4: คะแนนเก็บ (50%) | H4: กลางภาค (10%) | J4: ปลายภาค (20%) | L4: สรุปผลการเรียนและตัดเกรด (เต็ม 100)
A5: เลขที่ | B5: รหัสนักศึกษา | C5: รหัส (3 ตัว) | D5: ชื่อ - นามสกุล | E5: คะแนนจิตพิสัย (เต็ม 20) | F5: คะแนนดิบ (เต็ม 100) | G5: ทอนสัดส่วน (เต็ม 50) | H5: คะแนนดิบ (กลางภาค) | I5: ทอนสัดส่วน (เต็ม 10) | J5: คะแนนดิบ (เต็ม 50) | K5: ทอนสัดส่วน (เต็ม 20) | L5: คะแนนรวมสุทธิ (เต็ม 100) | M5: เกรด (0 - 4) | N5: ผลการเรียนรู้ (การแปลผล) | O5: ลำดับที่ (Rank)
D6: สัดส่วน / คะแนนเต็ม | E6: 20 | F6: 100 | G6: 50 | H6: 50 | I6: 10 | J6: 50 | K6: 20 | L6: 100 | M6: 4 | N6: - | O6: -
A7: 1 | B7: 69219090020 | C7: 020 | D7: นายชุติวัต สุขมั่น | E7: 20 | F7: 78 | G7: =IF(ISNUMBER(F7), ROUND(F7/$F$6*$G$6, 2), 0) -> 39 | H7: 8 | I7: =IF(ISNUMBER(H7), ROUND(H7/$H$6*$I$6, 2), 0) -> 1.6 | J7: 16 | K7: =IF(ISNUMBER(J7), ROUND(J7/$J$6*$K$6, 2), 0) -> 6.4 | L7: =ROUND(E7+G7+I7+K7, 2) -> 67 | M7: =IF(L7>=80, 4, IF(L7>=75, 3.5, IF(L7>=70, 3, IF(L7>=65, 2.5, IF(L7>=60, 2, IF(L7>=55, 1.5, IF(L7>=50, 1, 0))))))) -> 2.5 | N7: =IF(M7>=4, "ดีเยี่ยม", IF(M7>=3.5, "ดีมาก", IF(M7>=3, "ดี", IF(M7>=2.5, "ค่อนข้างดี", IF(M7>=2, "พอใช้", IF(M7>=1.5, "อ่อน", IF(M7>=1, "อ่อนมาก", "ไม่ผ่าน"))))))) -> ค่อนข้างดี | O7: =RANK(L7, $L$7:$L$22) -> 6
A8: 2 | B8: 69219090021 | C8: 021 | D8: เด็กชายณัพร รัตนสุวรรณ | E8: 20 | F8: 38 | G8: =IF(ISNUMBER(F8), ROUND(F8/$F$6*$G$6, 2), 0) -> 19 | H8: 22 | I8: =IF(ISNUMBER(H8), ROUND(H8/$H$6*$I$6, 2), 0) -> 4.4 | J8: 15 | K8: =IF(ISNUMBER(J8), ROUND(J8/$J$6*$K$6, 2), 0) -> 6 | L8: =ROUND(E8+G8+I8+K8, 2) -> 49.4 | M8: =IF(L8>=80, 4, IF(L8>=75, 3.5, IF(L8>=70, 3, IF(L8>=65, 2.5, IF(L8>=60, 2, IF(L8>=55, 1.5, IF(L8>=50, 1, 0))))))) -> 0 | N8: =IF(M8>=4, "ดีเยี่ยม", IF(M8>=3.5, "ดีมาก", IF(M8>=3, "ดี", IF(M8>=2.5, "ค่อนข้างดี", IF(M8>=2, "พอใช้", IF(M8>=1.5, "อ่อน", IF(M8>=1, "อ่อนมาก", "ไม่ผ่าน"))))))) -> ไม่ผ่าน | O8: =RANK(L8, $L$7:$L$22) -> 12
A9: 3 | B9: 69219090022 | C9: 022 | D9: นายตุลยวัต ทาสีทอง | E9: 20 | F9: 53 | G9: =IF(ISNUMBER(F9), ROUND(F9/$F$6*$G$6, 2), 0) -> 26.5 | H9: 24 | I9: =IF(ISNUMBER(H9), ROUND(H9/$H$6*$I$6, 2), 0) -> 4.8 | J9: 35 | K9: =IF(ISNUMBER(J9), ROUND(J9/$J$6*$K$6, 2), 0) -> 14 | L9: =ROUND(E9+G9+I9+K9, 2) -> 65.3 | M9: =IF(L9>=80, 4, IF(L9>=75, 3.5, IF(L9>=70, 3, IF(L9>=65, 2.5, IF(L9>=60, 2, IF(L9>=55, 1.5, IF(L9>=50, 1, 0))))))) -> 2.5 | N9: =IF(M9>=4, "ดีเยี่ยม", IF(M9>=3.5, "ดีมาก", IF(M9>=3, "ดี", IF(M9>=2.5, "ค่อนข้างดี", IF(M9>=2, "พอใช้", IF(M9>=1.5, "อ่อน", IF(M9>=1, "อ่อนมาก", "ไม่ผ่าน"))))))) -> ค่อนข้างดี | O9: =RANK(L9, $L$7:$L$22) -> 7
A10: 4 | B10: 69219090023 | C10: 023 | D10: เด็กชายธนกฤต แก้วตา | E10: 20 | F10: 76 | G10: =IF(ISNUMBER(F10), ROUND(F10/$F$6*$G$6, 2), 0) -> 38 | H10: 31 | I10: =IF(ISNUMBER(H10), ROUND(H10/$H$6*$I$6, 2), 0) -> 6.2 | J10: 30 | K10: =IF(ISNUMBER(J10), ROUND(J10/$J$6*$K$6, 2), 0) -> 12 | L10: =ROUND(E10+G10+I10+K10, 2) -> 76.2 | M10: =IF(L10>=80, 4, IF(L10>=75, 3.5, IF(L10>=70, 3, IF(L10>=65, 2.5, IF(L10>=60, 2, IF(L10>=55, 1.5, IF(L10>=50, 1, 0))))))) -> 3.5 | N10: =IF(M10>=4, "ดีเยี่ยม", IF(M10>=3.5, "ดีมาก", IF(M10>=3, "ดี", IF(M10>=2.5, "ค่อนข้างดี", IF(M10>=2, "พอใช้", IF(M10>=1.5, "อ่อน", IF(M10>=1, "อ่อนมาก", "ไม่ผ่าน"))))))) -> ดีมาก | O10: =RANK(L10, $L$7:$L$22) -> 2
A11: 5 | B11: 69219090024 | C11: 024 | D11: นายธเนศพล กันเมือง | E11: 20 | F11: 60 | G11: =IF(ISNUMBER(F11), ROUND(F11/$F$6*$G$6, 2), 0) -> 30 | H11: 17 | I11: =IF(ISNUMBER(H11), ROUND(H11/$H$6*$I$6, 2), 0) -> 3.4 | J11: 23 | K11: =IF(ISNUMBER(J11), ROUND(J11/$J$6*$K$6, 2), 0) -> 9.2 | L11: =ROUND(E11+G11+I11+K11, 2) -> 62.6 | M11: =IF(L11>=80, 4, IF(L11>=75, 3.5, IF(L11>=70, 3, IF(L11>=65, 2.5, IF(L11>=60, 2, IF(L11>=55, 1.5, IF(L11>=50, 1, 0))))))) -> 2 | N11: =IF(M11>=4, "ดีเยี่ยม", IF(M11>=3.5, "ดีมาก", IF(M11>=3, "ดี", IF(M11>=2.5, "ค่อนข้างดี", IF(M11>=2, "พอใช้", IF(M11>=1.5, "อ่อน", IF(M11>=1, "อ่อนมาก", "ไม่ผ่าน"))))))) -> พอใช้ | O11: =RANK(L11, $L$7:$L$22) -> 9
A12: 6 | B12: 69219090025 | C12: 025 | D12: นายนรากร จันทร์กล่ำ | E12: 10 | F12: 29 | G12: =IF(ISNUMBER(F12), ROUND(F12/$F$6*$G$6, 2), 0) -> 14.5 | H12: - | I12: =IF(ISNUMBER(H12), ROUND(H12/$H$6*$I$6, 2), 0) -> 0 | J12: - | K12: =IF(ISNUMBER(J12), ROUND(J12/$J$6*$K$6, 2), 0) -> 0 | L12: =ROUND(E12+G12+I12+K12, 2) -> 24.5 | M12: =IF(L12>=80, 4, IF(L12>=75, 3.5, IF(L12>=70, 3, IF(L12>=65, 2.5, IF(L12>=60, 2, IF(L12>=55, 1.5, IF(L12>=50, 1, 0))))))) -> 0 | N12: =IF(M12>=4, "ดีเยี่ยม", IF(M12>=3.5, "ดีมาก", IF(M12>=3, "ดี", IF(M12>=2.5, "ค่อนข้างดี", IF(M12>=2, "พอใช้", IF(M12>=1.5, "อ่อน", IF(M12>=1, "อ่อนมาก", "ไม่ผ่าน"))))))) -> ไม่ผ่าน | O12: =RANK(L12, $L$7:$L$22) -> 16
A13: 7 | B13: 69219090026 | C13: 026 | D13: นายนราวิชญ์ ทองระคนธ์ | E13: 20 | F13: 56 | G13: =IF(ISNUMBER(F13), ROUND(F13/$F$6*$G$6, 2), 0) -> 28 | H13: 24 | I13: =IF(ISNUMBER(H13), ROUND(H13/$H$6*$I$6, 2), 0) -> 4.8 | J13: 25 | K13: =IF(ISNUMBER(J13), ROUND(J13/$J$6*$K$6, 2), 0) -> 10 | L13: =ROUND(E13+G13+I13+K13, 2) -> 62.8 | M13: =IF(L13>=80, 4, IF(L13>=75, 3.5, IF(L13>=70, 3, IF(L13>=65, 2.5, IF(L13>=60, 2, IF(L13>=55, 1.5, IF(L13>=50, 1, 0))))))) -> 2 | N13: =IF(M13>=4, "ดีเยี่ยม", IF(M13>=3.5, "ดีมาก", IF(M13>=3, "ดี", IF(M13>=2.5, "ค่อนข้างดี", IF(M13>=2, "พอใช้", IF(M13>=1.5, "อ่อน", IF(M13>=1, "อ่อนมาก", "ไม่ผ่าน"))))))) -> พอใช้ | O13: =RANK(L13, $L$7:$L$22) -> 8
A14: 8 | B14: 69219090027 | C14: 027 | D14: นายนันทพงศ์ ช่ออุบล | E14: 20 | F14: 15 | G14: =IF(ISNUMBER(F14), ROUND(F14/$F$6*$G$6, 2), 0) -> 7.5 | H14: 8 | I14: =IF(ISNUMBER(H14), ROUND(H14/$H$6*$I$6, 2), 0) -> 1.6 | J14: 8 | K14: =IF(ISNUMBER(J14), ROUND(J14/$J$6*$K$6, 2), 0) -> 3.2 | L14: =ROUND(E14+G14+I14+K14, 2) -> 32.3 | M14: =IF(L14>=80, 4, IF(L14>=75, 3.5, IF(L14>=70, 3, IF(L14>=65, 2.5, IF(L14>=60, 2, IF(L14>=55, 1.5, IF(L14>=50, 1, 0))))))) -> 0 | N14: =IF(M14>=4, "ดีเยี่ยม", IF(M14>=3.5, "ดีมาก", IF(M14>=3, "ดี", IF(M14>=2.5, "ค่อนข้างดี", IF(M14>=2, "พอใช้", IF(M14>=1.5, "อ่อน", IF(M14>=1, "อ่อนมาก", "ไม่ผ่าน"))))))) -> ไม่ผ่าน | O14: =RANK(L14, $L$7:$L$22) -> 15
A15: 9 | B15: 69219090028 | C15: 028 | D15: เด็กชายพงศ์พัทธ์ โสดา | E15: 20 | F15: 72 | G15: =IF(ISNUMBER(F15), ROUND(F15/$F$6*$G$6, 2), 0) -> 36 | H15: 24 | I15: =IF(ISNUMBER(H15), ROUND(H15/$H$6*$I$6, 2), 0) -> 4.8 | J15: 37 | K15: =IF(ISNUMBER(J15), ROUND(J15/$J$6*$K$6, 2), 0) -> 14.8 | L15: =ROUND(E15+G15+I15+K15, 2) -> 75.6 | M15: =IF(L15>=80, 4, IF(L15>=75, 3.5, IF(L15>=70, 3, IF(L15>=65, 2.5, IF(L15>=60, 2, IF(L15>=55, 1.5, IF(L15>=50, 1, 0))))))) -> 3.5 | N15: =IF(M15>=4, "ดีเยี่ยม", IF(M15>=3.5, "ดีมาก", IF(M15>=3, "ดี", IF(M15>=2.5, "ค่อนข้างดี", IF(M15>=2, "พอใช้", IF(M15>=1.5, "อ่อน", IF(M15>=1, "อ่อนมาก", "ไม่ผ่าน"))))))) -> ดีมาก | O15: =RANK(L15, $L$7:$L$22) -> 3
A16: 10 | B16: 69219090029 | C16: 029 | D16: นายภูธเรศ อินทโชติ | E16: 20 | F16: 87 | G16: =IF(ISNUMBER(F16), ROUND(F16/$F$6*$G$6, 2), 0) -> 43.5 | H16: 17 | I16: =IF(ISNUMBER(H16), ROUND(H16/$H$6*$I$6, 2), 0) -> 3.4 | J16: 31 | K16: =IF(ISNUMBER(J16), ROUND(J16/$J$6*$K$6, 2), 0) -> 12.4 | L16: =ROUND(E16+G16+I16+K16, 2) -> 79.3 | M16: =IF(L16>=80, 4, IF(L16>=75, 3.5, IF(L16>=70, 3, IF(L16>=65, 2.5, IF(L16>=60, 2, IF(L16>=55, 1.5, IF(L16>=50, 1, 0))))))) -> 3.5 | N16: =IF(M16>=4, "ดีเยี่ยม", IF(M16>=3.5, "ดีมาก", IF(M16>=3, "ดี", IF(M16>=2.5, "ค่อนข้างดี", IF(M16>=2, "พอใช้", IF(M16>=1.5, "อ่อน", IF(M16>=1, "อ่อนมาก", "ไม่ผ่าน"))))))) -> ดีมาก | O16: =RANK(L16, $L$7:$L$22) -> 1
A17: 11 | B17: 69219090030 | C17: 030 | D17: เด็กหญิงวราภรณ์ มั่นคง | E17: 20 | F17: 66 | G17: =IF(ISNUMBER(F17), ROUND(F17/$F$6*$G$6, 2), 0) -> 33 | H17: 9 | I17: =IF(ISNUMBER(H17), ROUND(H17/$H$6*$I$6, 2), 0) -> 1.8 | J17: 12 | K17: =IF(ISNUMBER(J17), ROUND(J17/$J$6*$K$6, 2), 0) -> 4.8 | L17: =ROUND(E17+G17+I17+K17, 2) -> 59.6 | M17: =IF(L17>=80, 4, IF(L17>=75, 3.5, IF(L17>=70, 3, IF(L17>=65, 2.5, IF(L17>=60, 2, IF(L17>=55, 1.5, IF(L17>=50, 1, 0))))))) -> 1.5 | N17: =IF(M17>=4, "ดีเยี่ยม", IF(M17>=3.5, "ดีมาก", IF(M17>=3, "ดี", IF(M17>=2.5, "ค่อนข้างดี", IF(M17>=2, "พอใช้", IF(M17>=1.5, "อ่อน", IF(M17>=1, "อ่อนมาก", "ไม่ผ่าน"))))))) -> อ่อน | O17: =RANK(L17, $L$7:$L$22) -> 11
A18: 12 | B18: 69219090031 | C18: 031 | D18: นายวีรวัฒน์ วงษ์ทิพย์ | E18: 10 | F18: 38 | G18: =IF(ISNUMBER(F18), ROUND(F18/$F$6*$G$6, 2), 0) -> 19 | H18: - | I18: =IF(ISNUMBER(H18), ROUND(H18/$H$6*$I$6, 2), 0) -> 0 | J18: 13 | K18: =IF(ISNUMBER(J18), ROUND(J18/$J$6*$K$6, 2), 0) -> 5.2 | L18: =ROUND(E18+G18+I18+K18, 2) -> 34.2 | M18: =IF(L18>=80, 4, IF(L18>=75, 3.5, IF(L18>=70, 3, IF(L18>=65, 2.5, IF(L18>=60, 2, IF(L18>=55, 1.5, IF(L18>=50, 1, 0))))))) -> 0 | N18: =IF(M18>=4, "ดีเยี่ยม", IF(M18>=3.5, "ดีมาก", IF(M18>=3, "ดี", IF(M18>=2.5, "ค่อนข้างดี", IF(M18>=2, "พอใช้", IF(M18>=1.5, "อ่อน", IF(M18>=1, "อ่อนมาก", "ไม่ผ่าน"))))))) -> ไม่ผ่าน | O18: =RANK(L18, $L$7:$L$22) -> 14
A19: 13 | B19: 69219090032 | C19: 032 | D19: นายวุฒิกร พาณิชย์กุลเกียรติ | E19: 20 | F19: 82 | G19: =IF(ISNUMBER(F19), ROUND(F19/$F$6*$G$6, 2), 0) -> 41 | H19: 18 | I19: =IF(ISNUMBER(H19), ROUND(H19/$H$6*$I$6, 2), 0) -> 3.6 | J19: 14 | K19: =IF(ISNUMBER(J19), ROUND(J19/$J$6*$K$6, 2), 0) -> 5.6 | L19: =ROUND(E19+G19+I19+K19, 2) -> 70.2 | M19: =IF(L19>=80, 4, IF(L19>=75, 3.5, IF(L19>=70, 3, IF(L19>=65, 2.5, IF(L19>=60, 2, IF(L19>=55, 1.5, IF(L19>=50, 1, 0))))))) -> 3 | N19: =IF(M19>=4, "ดีเยี่ยม", IF(M19>=3.5, "ดีมาก", IF(M19>=3, "ดี", IF(M19>=2.5, "ค่อนข้างดี", IF(M19>=2, "พอใช้", IF(M19>=1.5, "อ่อน", IF(M19>=1, "อ่อนมาก", "ไม่ผ่าน"))))))) -> ดี | O19: =RANK(L19, $L$7:$L$22) -> 5
A20: 14 | B20: 69219090033 | C20: 033 | D20: เด็กหญิงสโรชา มาเส็ง | E20: 20 | F20: 37 | G20: =IF(ISNUMBER(F20), ROUND(F20/$F$6*$G$6, 2), 0) -> 18.5 | H20: 14 | I20: =IF(ISNUMBER(H20), ROUND(H20/$H$6*$I$6, 2), 0) -> 2.8 | J20: 11 | K20: =IF(ISNUMBER(J20), ROUND(J20/$J$6*$K$6, 2), 0) -> 4.4 | L20: =ROUND(E20+G20+I20+K20, 2) -> 45.7 | M20: =IF(L20>=80, 4, IF(L20>=75, 3.5, IF(L20>=70, 3, IF(L20>=65, 2.5, IF(L20>=60, 2, IF(L20>=55, 1.5, IF(L20>=50, 1, 0))))))) -> 0 | N20: =IF(M20>=4, "ดีเยี่ยม", IF(M20>=3.5, "ดีมาก", IF(M20>=3, "ดี", IF(M20>=2.5, "ค่อนข้างดี", IF(M20>=2, "พอใช้", IF(M20>=1.5, "อ่อน", IF(M20>=1, "อ่อนมาก", "ไม่ผ่าน"))))))) -> ไม่ผ่าน | O20: =RANK(L20, $L$7:$L$22) -> 13
A21: 15 | B21: 69219090034 | C21: 034 | D21: นายอธิป ทองดอนเถื่อน | E21: 20 | F21: 47 | G21: =IF(ISNUMBER(F21), ROUND(F21/$F$6*$G$6, 2), 0) -> 23.5 | H21: 25 | I21: =IF(ISNUMBER(H21), ROUND(H21/$H$6*$I$6, 2), 0) -> 5 | J21: 29 | K21: =IF(ISNUMBER(J21), ROUND(J21/$J$6*$K$6, 2), 0) -> 11.6 | L21: =ROUND(E21+G21+I21+K21, 2) -> 60.1 | M21: =IF(L21>=80, 4, IF(L21>=75, 3.5, IF(L21>=70, 3, IF(L21>=65, 2.5, IF(L21>=60, 2, IF(L21>=55, 1.5, IF(L21>=50, 1, 0))))))) -> 2 | N21: =IF(M21>=4, "ดีเยี่ยม", IF(M21>=3.5, "ดีมาก", IF(M21>=3, "ดี", IF(M21>=2.5, "ค่อนข้างดี", IF(M21>=2, "พอใช้", IF(M21>=1.5, "อ่อน", IF(M21>=1, "อ่อนมาก", "ไม่ผ่าน"))))))) -> พอใช้ | O21: =RANK(L21, $L$7:$L$22) -> 10
A22: 16 | B22: 69219090035 | C22: 035 | D22: เด็กหญิงอารยา จันทน | E22: 20 | F22: 78 | G22: =IF(ISNUMBER(F22), ROUND(F22/$F$6*$G$6, 2), 0) -> 39 | H22: 24 | I22: =IF(ISNUMBER(H22), ROUND(H22/$H$6*$I$6, 2), 0) -> 4.8 | J22: 27 | K22: =IF(ISNUMBER(J22), ROUND(J22/$J$6*$K$6, 2), 0) -> 10.8 | L22: =ROUND(E22+G22+I22+K22, 2) -> 74.6 | M22: =IF(L22>=80, 4, IF(L22>=75, 3.5, IF(L22>=70, 3, IF(L22>=65, 2.5, IF(L22>=60, 2, IF(L22>=55, 1.5, IF(L22>=50, 1, 0))))))) -> 3 | N22: =IF(M22>=4, "ดีเยี่ยม", IF(M22>=3.5, "ดีมาก", IF(M22>=3, "ดี", IF(M22>=2.5, "ค่อนข้างดี", IF(M22>=2, "พอใช้", IF(M22>=1.5, "อ่อน", IF(M22>=1, "อ่อนมาก", "ไม่ผ่าน"))))))) -> ดี | O22: =RANK(L22, $L$7:$L$22) -> 4
A23: คะแนนเฉลี่ย (Average) | E23: =IFERROR(ROUND(AVERAGE(E7:E22), 2), "-") -> 18.75 | F23: =IFERROR(ROUND(AVERAGE(F7:F22), 2), "-") -> 57 | G23: =IFERROR(ROUND(AVERAGE(G7:G22), 2), "-") -> 28.5 | H23: =IFERROR(ROUND(AVERAGE(H7:H22), 2), "-") -> 18.93 | I23: =IFERROR(ROUND(AVERAGE(I7:I22), 2), "-") -> 3.31 | J23: =IFERROR(ROUND(AVERAGE(J7:J22), 2), "-") -> 21.73 | K23: =IFERROR(ROUND(AVERAGE(K7:K22), 2), "-") -> 8.15 | L23: =IFERROR(ROUND(AVERAGE(L7:L22), 2), "-") -> 58.71 | M23: =IFERROR(ROUND(AVERAGE(M7:M22), 2), "-") -> 1.81
A24: คะแนนสูงสุด (Max) | E24: =IFERROR(MAX(E7:E22), "-") -> 20 | F24: =IFERROR(MAX(F7:F22), "-") -> 87 | G24: =IFERROR(MAX(G7:G22), "-") -> 43.5 | H24: =IFERROR(MAX(H7:H22), "-") -> 31 | I24: =IFERROR(MAX(I7:I22), "-") -> 6.2 | J24: =IFERROR(MAX(J7:J22), "-") -> 37 | K24: =IFERROR(MAX(K7:K22), "-") -> 14.8 | L24: =IFERROR(MAX(L7:L22), "-") -> 79.3 | M24: =IFERROR(MAX(M7:M22), "-") -> 3.5
A25: คะแนนต่ำสุด (Min) | E25: =IFERROR(MIN(E7:E22), "-") -> 10 | F25: =IFERROR(MIN(F7:F22), "-") -> 15 | G25: =IFERROR(MIN(G7:G22), "-") -> 7.5 | H25: =IFERROR(MIN(H7:H22), "-") -> 8 | I25: =IFERROR(MIN(I7:I22), "-") -> 0 | J25: =IFERROR(MIN(J7:J22), "-") -> 8 | K25: =IFERROR(MIN(K7:K22), "-") -> 0 | L25: =IFERROR(MIN(L7:L22), "-") -> 24.5 | M25: =IFERROR(MIN(M7:M22), "-") -> 0
A26: ส่วนเบี่ยงเบนมาตรฐาน (S.D.) | E26: =IFERROR(ROUND(_xludf.STDEV.P(E7:E22), 2), "-") -> - | F26: =IFERROR(ROUND(_xludf.STDEV.P(F7:F22), 2), "-") -> - | G26: =IFERROR(ROUND(_xludf.STDEV.P(G7:G22), 2), "-") -> - | H26: =IFERROR(ROUND(_xludf.STDEV.P(H7:H22), 2), "-") -> - | I26: =IFERROR(ROUND(_xludf.STDEV.P(I7:I22), 2), "-") -> - | J26: =IFERROR(ROUND(_xludf.STDEV.P(J7:J22), 2), "-") -> - | K26: =IFERROR(ROUND(_xludf.STDEV.P(K7:K22), 2), "-") -> - | L26: =IFERROR(ROUND(_xludf.STDEV.P(L7:L22), 2), "-") -> - | M26: =IFERROR(ROUND(_xludf.STDEV.P(M7:M22), 2), "-") -> -

Sheet ตัดเกรด รวม 2 ห้อง (34 คน)
A1: 🎓 แบบจำลองการตัดเกรดผลการเรียนรู้ สัดส่วน 20 : 50 : 10 : 20 - รวมทั้ง 2 ห้อง (34 คน)
A2: รหัสวิชา 21909-1006 พื้นฐานการสร้างเว็บไซต์ | ระดับชั้น ปวช. 1 ชทค. (ห้อง 1 และ 2 รวม 34 คน) | ปีการศึกษา 2569
A4: ข้อมูลนักศึกษา | F4: จิตพิสัย (20%) | G4: คะแนนเก็บ (50%) | I4: กลางภาค (10%) | K4: ปลายภาค (20%) | M4: สรุปผลการเรียนและตัดเกรด (เต็ม 100)
A5: ลำดับรวม | B5: ห้อง | C5: เลขที่ | D5: รหัส | E5: ชื่อ - นามสกุล | F5: จิตพิสัย (20) | G5: ดิบเก็บ (100) | H5: ทอนเก็บ (50) | I5: ดิบกลาง | J5: ทอนกลาง (10) | K5: ดิบปลาย (50) | L5: ทอนปลาย (20) | M5: คะแนนสุทธิ (100) | N5: เกรด (0-4) | O5: ผลการเรียนรู้ | P5: ลำดับรวม (Rank)
E6: สัดส่วน / คะแนนเต็ม | F6: 20 | G6: 100 | H6: 50 | I6: 100 | J6: 10 | K6: 50 | L6: 20 | M6: 100 | N6: 4 | O6: - | P6: -
A7: 1 | B7: ห้อง 1 | C7: ='ตัดเกรด ห้อง 1'!A7 -> 1 | D7: ='ตัดเกรด ห้อง 1'!C7 -> 001 | E7: ='ตัดเกรด ห้อง 1'!D7 -> นายกฤศมน บุญเปี่ยม | F7: ='ตัดเกรด ห้อง 1'!E7 -> 20 | G7: ='ตัดเกรด ห้อง 1'!F7 -> 66 | H7: ='ตัดเกรด ห้อง 1'!G7 -> 33 | I7: ='ตัดเกรด ห้อง 1'!H7 -> 23 | J7: ='ตัดเกรด ห้อง 1'!I7 -> 2.3 | K7: ='ตัดเกรด ห้อง 1'!J7 -> 24 | ... O7: ='ตัดเกรด ห้อง 1'!N7 -> พอใช้ | P7: =RANK(M7, $M$7:$M$40) -> 19
A8: 2 | B8: ห้อง 1 | C8: ='ตัดเกรด ห้อง 1'!A8 -> 2 | D8: ='ตัดเกรด ห้อง 1'!C8 -> 002 | E8: ='ตัดเกรด ห้อง 1'!D8 -> เด็กชายกษธณชล การรักเรียน | F8: ='ตัดเกรด ห้อง 1'!E8 -> 20 | G8: ='ตัดเกรด ห้อง 1'!F8 -> 58 | H8: ='ตัดเกรด ห้อง 1'!G8 -> 29 | I8: ='ตัดเกรด ห้อง 1'!H8 -> 11 | J8: ='ตัดเกรด ห้อง 1'!I8 -> 1.1 | K8: ='ตัดเกรด ห้อง 1'!J8 -> 18 | ... O8: ='ตัดเกรด ห้อง 1'!N8 -> อ่อน | P8: =RANK(M8, $M$7:$M$40) -> 25
A9: 3 | B9: ห้อง 1 | C9: ='ตัดเกรด ห้อง 1'!A9 -> 3 | D9: ='ตัดเกรด ห้อง 1'!C9 -> 003 | E9: ='ตัดเกรด ห้อง 1'!D9 -> นางสาวกัญญ์วรา ทองดี | F9: ='ตัดเกรด ห้อง 1'!E9 -> 20 | G9: ='ตัดเกรด ห้อง 1'!F9 -> 87 | H9: ='ตัดเกรด ห้อง 1'!G9 -> 43.5 | I9: ='ตัดเกรด ห้อง 1'!H9 -> 56 | J9: ='ตัดเกรด ห้อง 1'!I9 -> 5.6 | K9: ='ตัดเกรด ห้อง 1'!J9 -> 44 | ... O9: ='ตัดเกรด ห้อง 1'!N9 -> ดีเยี่ยม | P9: =RANK(M9, $M$7:$M$40) -> 2
A10: 4 | B10: ห้อง 1 | C10: ='ตัดเกรด ห้อง 1'!A10 -> 4 | D10: ='ตัดเกรด ห้อง 1'!C10 -> 004 | E10: ='ตัดเกรด ห้อง 1'!D10 -> นายกันธรักษ์ พานทอง | F10: ='ตัดเกรด ห้อง 1'!E10 -> 20 | G10: ='ตัดเกรด ห้อง 1'!F10 -> 87 | H10: ='ตัดเกรด ห้อง 1'!G10 -> 43.5 | I10: ='ตัดเกรด ห้อง 1'!H10 -> 20 | J10: ='ตัดเกรด ห้อง 1'!I10 -> 2 | K10: ='ตัดเกรด ห้อง 1'!J10 -> 23 | ... O10: ='ตัดเกรด ห้อง 1'!N10 -> ดี | P10: =RANK(M10, $M$7:$M$40) -> 10
A11: 5 | B11: ห้อง 1 | C11: ='ตัดเกรด ห้อง 1'!A11 -> 5 | D11: ='ตัดเกรด ห้อง 1'!C11 -> 005 | E11: ='ตัดเกรด ห้อง 1'!D11 -> เด็กชายคุณานนต์ พิมพ์จันทร์ | F11: ='ตัดเกรด ห้อง 1'!E11 -> 10 | G11: ='ตัดเกรด ห้อง 1'!F11 -> 77 | H11: ='ตัดเกรด ห้อง 1'!G11 -> 38.5 | I11: ='ตัดเกรด ห้อง 1'!H11 -> - | J11: ='ตัดเกรด ห้อง 1'!I11 -> 0 | K11: ='ตัดเกรด ห้อง 1'!J11 -> 32 | ... O11: ='ตัดเกรด ห้อง 1'!N11 -> พอใช้ | P11: =RANK(M11, $M$7:$M$40) -> 22
A12: 6 | B12: ห้อง 1 | C12: ='ตัดเกรด ห้อง 1'!A12 -> 6 | D12: ='ตัดเกรด ห้อง 1'!C12 -> 006 | E12: ='ตัดเกรด ห้อง 1'!D12 -> เด็กชายเฉลิมวงศ์ มะลิใย | F12: ='ตัดเกรด ห้อง 1'!E12 -> 20 | G12: ='ตัดเกรด ห้อง 1'!F12 -> 68 | H12: ='ตัดเกรด ห้อง 1'!G12 -> 34 | I12: ='ตัดเกรด ห้อง 1'!H12 -> 23 | J12: ='ตัดเกรด ห้อง 1'!I12 -> 2.3 | K12: ='ตัดเกรด ห้อง 1'!J12 -> 26 | ... O12: ='ตัดเกรด ห้อง 1'!N12 -> ค่อนข้างดี | P12: =RANK(M12, $M$7:$M$40) -> 17
A13: 7 | B13: ห้อง 1 | C13: ='ตัดเกรด ห้อง 1'!A13 -> 7 | D13: ='ตัดเกรด ห้อง 1'!C13 -> 007 | E13: ='ตัดเกรด ห้อง 1'!D13 -> นางสาวชลดา เรือนแก้ว | F13: ='ตัดเกรด ห้อง 1'!E13 -> 20 | G13: ='ตัดเกรด ห้อง 1'!F13 -> 35 | H13: ='ตัดเกรด ห้อง 1'!G13 -> 17.5 | I13: ='ตัดเกรด ห้อง 1'!H13 -> 35 | J13: ='ตัดเกรด ห้อง 1'!I13 -> 3.5 | K13: ='ตัดเกรด ห้อง 1'!J13 -> 23.5 | ... O13: ='ตัดเกรด ห้อง 1'!N13 -> อ่อนมาก | P13: =RANK(M13, $M$7:$M$40) -> 27
A14: 8 | B14: ห้อง 1 | C14: ='ตัดเกรด ห้อง 1'!A14 -> 8 | D14: ='ตัดเกรด ห้อง 1'!C14 -> 008 | E14: ='ตัดเกรด ห้อง 1'!D14 -> นายณัฐกรณ์ กองทอง | F14: ='ตัดเกรด ห้อง 1'!E14 -> 10 | G14: ='ตัดเกรด ห้อง 1'!F14 -> 43 | H14: ='ตัดเกรด ห้อง 1'!G14 -> 21.5 | I14: ='ตัดเกรด ห้อง 1'!H14 -> - | J14: ='ตัดเกรด ห้อง 1'!I14 -> 0 | K14: ='ตัดเกรด ห้อง 1'!J14 -> - | ... O14: ='ตัดเกรด ห้อง 1'!N14 -> ไม่ผ่าน | P14: =RANK(M14, $M$7:$M$40) -> 32
A15: 9 | B15: ห้อง 1 | C15: ='ตัดเกรด ห้อง 1'!A15 -> 9 | D15: ='ตัดเกรด ห้อง 1'!C15 -> 009 | E15: ='ตัดเกรด ห้อง 1'!D15 -> นายณัฐพล ทวีทรัพย์ | F15: ='ตัดเกรด ห้อง 1'!E15 -> 20 | G15: ='ตัดเกรด ห้อง 1'!F15 -> 76 | H15: ='ตัดเกรด ห้อง 1'!G15 -> 38 | I15: ='ตัดเกรด ห้อง 1'!H15 -> 28 | J15: ='ตัดเกรด ห้อง 1'!I15 -> 2.8 | K15: ='ตัดเกรด ห้อง 1'!J15 -> 21 | ... O15: ='ตัดเกรด ห้อง 1'!N15 -> ค่อนข้างดี | P15: =RANK(M15, $M$7:$M$40) -> 15
A16: 10 | B16: ห้อง 1 | C16: ='ตัดเกรด ห้อง 1'!A16 -> 10 | D16: ='ตัดเกรด ห้อง 1'!C16 -> 010 | E16: ='ตัดเกรด ห้อง 1'!D16 -> นายต้นตระการ เพชรภู่ | F16: ='ตัดเกรด ห้อง 1'!E16 -> 20 | G16: ='ตัดเกรด ห้อง 1'!F16 -> 55 | H16: ='ตัดเกรด ห้อง 1'!G16 -> 27.5 | I16: ='ตัดเกรด ห้อง 1'!H16 -> 13 | J16: ='ตัดเกรด ห้อง 1'!I16 -> 1.3 | K16: ='ตัดเกรด ห้อง 1'!J16 -> 6 | ... O16: ='ตัดเกรด ห้อง 1'!N16 -> อ่อนมาก | P16: =RANK(M16, $M$7:$M$40) -> 26
A17: 11 | B17: ห้อง 1 | C17: ='ตัดเกรด ห้อง 1'!A17 -> 11 | D17: ='ตัดเกรด ห้อง 1'!C17 -> 011 | E17: ='ตัดเกรด ห้อง 1'!D17 -> นายตฤณ ตาดทอง | F17: ='ตัดเกรด ห้อง 1'!E17 -> 20 | G17: ='ตัดเกรด ห้อง 1'!F17 -> 88 | H17: ='ตัดเกรด ห้อง 1'!G17 -> 44 | I17: ='ตัดเกรด ห้อง 1'!H17 -> 30 | J17: ='ตัดเกรด ห้อง 1'!I17 -> 3 | K17: ='ตัดเกรด ห้อง 1'!J17 -> 30 | ... O17: ='ตัดเกรด ห้อง 1'!N17 -> ดีมาก | P17: =RANK(M17, $M$7:$M$40) -> 6
A18: 12 | B18: ห้อง 1 | C18: ='ตัดเกรด ห้อง 1'!A18 -> 12 | D18: ='ตัดเกรด ห้อง 1'!C18 -> 012 | E18: ='ตัดเกรด ห้อง 1'!D18 -> นายธนพัฒน์ บุญเรือง | F18: ='ตัดเกรด ห้อง 1'!E18 -> 20 | G18: ='ตัดเกรด ห้อง 1'!F18 -> 87 | H18: ='ตัดเกรด ห้อง 1'!G18 -> 43.5 | I18: ='ตัดเกรด ห้อง 1'!H18 -> 50 | J18: ='ตัดเกรด ห้อง 1'!I18 -> 5 | K18: ='ตัดเกรด ห้อง 1'!J18 -> 34 | ... O18: ='ตัดเกรด ห้อง 1'!N18 -> ดีเยี่ยม | P18: =RANK(M18, $M$7:$M$40) -> 3
... A24: 18 | B24: ห้อง 1 | C24: ='ตัดเกรด ห้อง 1'!A24 -> 18 | D24: ='ตัดเกรด ห้อง 1'!C24 -> 018 | E24: ='ตัดเกรด ห้อง 1'!D24 -> นายอานนท์ณัฏฐ์ ไวพจน์ | F24: ='ตัดเกรด ห้อง 1'!E24 -> 20 | G24: ='ตัดเกรด ห้อง 1'!F24 -> 84 | H24: ='ตัดเกรด ห้อง 1'!G24 -> 42 | I24: ='ตัดเกรด ห้อง 1'!H24 -> 33 | J24: ='ตัดเกรด ห้อง 1'!I24 -> 3.3 | K24: ='ตัดเกรด ห้อง 1'!J24 -> 26 | ... O24: ='ตัดเกรด ห้อง 1'!N24 -> ดีมาก | P24: =RANK(M24, $M$7:$M$40) -> 8
A25: 19 | B25: ห้อง 2 | C25: ='ตัดเกรด ห้อง 2'!A7 -> 1 | D25: ='ตัดเกรด ห้อง 2'!C7 -> 020 | E25: ='ตัดเกรด ห้อง 2'!D7 -> นายชุติวัต สุขมั่น | F25: ='ตัดเกรด ห้อง 2'!E7 -> 20 | G25: ='ตัดเกรด ห้อง 2'!F7 -> 78 | H25: ='ตัดเกรด ห้อง 2'!G7 -> 39 | I25: ='ตัดเกรด ห้อง 2'!H7 -> 8 | J25: ='ตัดเกรด ห้อง 2'!I7 -> 1.6 | K25: ='ตัดเกรด ห้อง 2'!J7 -> 16 | ... O25: ='ตัดเกรด ห้อง 2'!N7 -> ค่อนข้างดี | P25: =RANK(M25, $M$7:$M$40) -> 16
A26: 20 | B26: ห้อง 2 | C26: ='ตัดเกรด ห้อง 2'!A8 -> 2 | D26: ='ตัดเกรด ห้อง 2'!C8 -> 021 | E26: ='ตัดเกรด ห้อง 2'!D8 -> เด็กชายณัพร รัตนสุวรรณ | F26: ='ตัดเกรด ห้อง 2'!E8 -> 20 | G26: ='ตัดเกรด ห้อง 2'!F8 -> 38 | H26: ='ตัดเกรด ห้อง 2'!G8 -> 19 | I26: ='ตัดเกรด ห้อง 2'!H8 -> 22 | J26: ='ตัดเกรด ห้อง 2'!I8 -> 4.4 | K26: ='ตัดเกรด ห้อง 2'!J8 -> 15 | ... O26: ='ตัดเกรด ห้อง 2'!N8 -> ไม่ผ่าน | P26: =RANK(M26, $M$7:$M$40) -> 28
A27: 21 | B27: ห้อง 2 | C27: ='ตัดเกรด ห้อง 2'!A9 -> 3 | D27: ='ตัดเกรด ห้อง 2'!C9 -> 022 | E27: ='ตัดเกรด ห้อง 2'!D9 -> นายตุลยวัต ทาสีทอง | F27: ='ตัดเกรด ห้อง 2'!E9 -> 20 | G27: ='ตัดเกรด ห้อง 2'!F9 -> 53 | H27: ='ตัดเกรด ห้อง 2'!G9 -> 26.5 | I27: ='ตัดเกรด ห้อง 2'!H9 -> 24 | J27: ='ตัดเกรด ห้อง 2'!I9 -> 4.8 | K27: ='ตัดเกรด ห้อง 2'!J9 -> 35 | ... O27: ='ตัดเกรด ห้อง 2'!N9 -> ค่อนข้างดี | P27: =RANK(M27, $M$7:$M$40) -> 18
A28: 22 | B28: ห้อง 2 | C28: ='ตัดเกรด ห้อง 2'!A10 -> 4 | D28: ='ตัดเกรด ห้อง 2'!C10 -> 023 | E28: ='ตัดเกรด ห้อง 2'!D10 -> เด็กชายธนกฤต แก้วตา | F28: ='ตัดเกรด ห้อง 2'!E10 -> 20 | G28: ='ตัดเกรด ห้อง 2'!F10 -> 76 | H28: ='ตัดเกรด ห้อง 2'!G10 -> 38 | I28: ='ตัดเกรด ห้อง 2'!H10 -> 31 | J28: ='ตัดเกรด ห้อง 2'!I10 -> 6.2 | K28: ='ตัดเกรด ห้อง 2'!J10 -> 30 | ... O28: ='ตัดเกรด ห้อง 2'!N10 -> ดีมาก | P28: =RANK(M28, $M$7:$M$40) -> 7
A29: 23 | B29: ห้อง 2 | C29: ='ตัดเกรด ห้อง 2'!A11 -> 5 | D29: ='ตัดเกรด ห้อง 2'!C11 -> 024 | E29: ='ตัดเกรด ห้อง 2'!D11 -> นายธเนศพล กันเมือง | F29: ='ตัดเกรด ห้อง 2'!E11 -> 20 | G29: ='ตัดเกรด ห้อง 2'!F11 -> 60 | H29: ='ตัดเกรด ห้อง 2'!G11 -> 30 | I29: ='ตัดเกรด ห้อง 2'!H11 -> 17 | J29: ='ตัดเกรด ห้อง 2'!I11 -> 3.4 | K29: ='ตัดเกรด ห้อง 2'!J11 -> 23 | ... O29: ='ตัดเกรด ห้อง 2'!N11 -> พอใช้ | P29: =RANK(M29, $M$7:$M$40) -> 21
A30: 24 | B30: ห้อง 2 | C30: ='ตัดเกรด ห้อง 2'!A12 -> 6 | D30: ='ตัดเกรด ห้อง 2'!C12 -> 025 | E30: ='ตัดเกรด ห้อง 2'!D12 -> นายนรากร จันทร์กล่ำ | F30: ='ตัดเกรด ห้อง 2'!E12 -> 10 | G30: ='ตัดเกรด ห้อง 2'!F12 -> 29 | H30: ='ตัดเกรด ห้อง 2'!G12 -> 14.5 | I30: ='ตัดเกรด ห้อง 2'!H12 -> - | J30: ='ตัดเกรด ห้อง 2'!I12 -> 0 | K30: ='ตัดเกรด ห้อง 2'!J12 -> - | ... O30: ='ตัดเกรด ห้อง 2'!N12 -> ไม่ผ่าน | P30: =RANK(M30, $M$7:$M$40) -> 33
A31: 25 | B31: ห้อง 2 | C31: ='ตัดเกรด ห้อง 2'!A13 -> 7 | D31: ='ตัดเกรด ห้อง 2'!C13 -> 026 | E31: ='ตัดเกรด ห้อง 2'!D13 -> นายนราวิชญ์ ทองระคนธ์ | F31: ='ตัดเกรด ห้อง 2'!E13 -> 20 | G31: ='ตัดเกรด ห้อง 2'!F13 -> 56 | H31: ='ตัดเกรด ห้อง 2'!G13 -> 28 | I31: ='ตัดเกรด ห้อง 2'!H13 -> 24 | J31: ='ตัดเกรด ห้อง 2'!I13 -> 4.8 | K31: ='ตัดเกรด ห้อง 2'!J13 -> 25 | ... O31: ='ตัดเกรด ห้อง 2'!N13 -> พอใช้ | P31: =RANK(M31, $M$7:$M$40) -> 20
A32: 26 | B32: ห้อง 2 | C32: ='ตัดเกรด ห้อง 2'!A14 -> 8 | D32: ='ตัดเกรด ห้อง 2'!C14 -> 027 | E32: ='ตัดเกรด ห้อง 2'!D14 -> นายนันทพงศ์ ช่ออุบล | F32: ='ตัดเกรด ห้อง 2'!E14 -> 20 | G32: ='ตัดเกรด ห้อง 2'!F14 -> 15 | H32: ='ตัดเกรด ห้อง 2'!G14 -> 7.5 | I32: ='ตัดเกรด ห้อง 2'!H14 -> 8 | J32: ='ตัดเกรด ห้อง 2'!I14 -> 1.6 | K32: ='ตัดเกรด ห้อง 2'!J14 -> 8 | ... O32: ='ตัดเกรด ห้อง 2'!N14 -> ไม่ผ่าน | P32: =RANK(M32, $M$7:$M$40) -> 31
A33: 27 | B33: ห้อง 2 | C33: ='ตัดเกรด ห้อง 2'!A15 -> 9 | D33: ='ตัดเกรด ห้อง 2'!C15 -> 028 | E33: ='ตัดเกรด ห้อง 2'!D15 -> เด็กชายพงศ์พัทธ์ โสดา | F33: ='ตัดเกรด ห้อง 2'!E15 -> 20 | G33: ='ตัดเกรด ห้อง 2'!F15 -> 72 | H33: ='ตัดเกรด ห้อง 2'!G15 -> 36 | I33: ='ตัดเกรด ห้อง 2'!H15 -> 24 | J33: ='ตัดเกรด ห้อง 2'!I15 -> 4.8 | K33: ='ตัดเกรด ห้อง 2'!J15 -> 37 | ... O33: ='ตัดเกรด ห้อง 2'!N15 -> ดีมาก | P33: =RANK(M33, $M$7:$M$40) -> 9
A34: 28 | B34: ห้อง 2 | C34: ='ตัดเกรด ห้อง 2'!A16 -> 10 | D34: ='ตัดเกรด ห้อง 2'!C16 -> 029 | E34: ='ตัดเกรด ห้อง 2'!D16 -> นายภูธเรศ อินทโชติ | F34: ='ตัดเกรด ห้อง 2'!E16 -> 20 | G34: ='ตัดเกรด ห้อง 2'!F16 -> 87 | H34: ='ตัดเกรด ห้อง 2'!G16 -> 43.5 | I34: ='ตัดเกรด ห้อง 2'!H16 -> 17 | J34: ='ตัดเกรด ห้อง 2'!I16 -> 3.4 | K34: ='ตัดเกรด ห้อง 2'!J16 -> 31 | ... O34: ='ตัดเกรด ห้อง 2'!N16 -> ดีมาก | P34: =RANK(M34, $M$7:$M$40) -> 5
A35: 29 | B35: ห้อง 2 | C35: ='ตัดเกรด ห้อง 2'!A17 -> 11 | D35: ='ตัดเกรด ห้อง 2'!C17 -> 030 | E35: ='ตัดเกรด ห้อง 2'!D17 -> เด็กหญิงวราภรณ์ มั่นคง | F35: ='ตัดเกรด ห้อง 2'!E17 -> 20 | G35: ='ตัดเกรด ห้อง 2'!F17 -> 66 | H35: ='ตัดเกรด ห้อง 2'!G17 -> 33 | I35: ='ตัดเกรด ห้อง 2'!H17 -> 9 | J35: ='ตัดเกรด ห้อง 2'!I17 -> 1.8 | K35: ='ตัดเกรด ห้อง 2'!J17 -> 12 | ... O35: ='ตัดเกรด ห้อง 2'!N17 -> อ่อน | P35: =RANK(M35, $M$7:$M$40) -> 24
A36: 30 | B36: ห้อง 2 | C36: ='ตัดเกรด ห้อง 2'!A18 -> 12 | D36: ='ตัดเกรด ห้อง 2'!C18 -> 031 | E36: ='ตัดเกรด ห้อง 2'!D18 -> นายวีรวัฒน์ วงษ์ทิพย์ | F36: ='ตัดเกรด ห้อง 2'!E18 -> 10 | G36: ='ตัดเกรด ห้อง 2'!F18 -> 38 | H36: ='ตัดเกรด ห้อง 2'!G18 -> 19 | I36: ='ตัดเกรด ห้อง 2'!H18 -> - | J36: ='ตัดเกรด ห้อง 2'!I18 -> 0 | K36: ='ตัดเกรด ห้อง 2'!J18 -> 13 | ... O36: ='ตัดเกรด ห้อง 2'!N18 -> ไม่ผ่าน | P36: =RANK(M36, $M$7:$M$40) -> 30
... A40: 34 | B40: ห้อง 2 | C40: ='ตัดเกรด ห้อง 2'!A22 -> 16 | D40: ='ตัดเกรด ห้อง 2'!C22 -> 035 | E40: ='ตัดเกรด ห้อง 2'!D22 -> เด็กหญิงอารยา จันทน | F40: ='ตัดเกรด ห้อง 2'!E22 -> 20 | G40: ='ตัดเกรด ห้อง 2'!F22 -> 78 | H40: ='ตัดเกรด ห้อง 2'!G22 -> 39 | I40: ='ตัดเกรด ห้อง 2'!H22 -> 24 | J40: ='ตัดเกรด ห้อง 2'!I22 -> 4.8 | K40: ='ตัดเกรด ห้อง 2'!J22 -> 27 | ... O40: ='ตัดเกรด ห้อง 2'!N22 -> ดี | P40: =RANK(M40, $M$7:$M$40) -> 11
A41: คะแนนเฉลี่ย (Average) | F41: =IFERROR(ROUND(AVERAGE(F7:F40), 2), "-") -> 18.53 | G41: =IFERROR(ROUND(AVERAGE(G7:G40), 2), "-") -> 63.85 | H41: =IFERROR(ROUND(AVERAGE(H7:H40), 2), "-") -> 31.93 | I41: =IFERROR(ROUND(AVERAGE(I7:I40), 2), "-") -> 25.9 | J41: =IFERROR(ROUND(AVERAGE(J7:J40), 2), "-") -> 2.99 | K41: =IFERROR(ROUND(AVERAGE(K7:K40), 2), "-") -> 24.15 | L41: =IFERROR(ROUND(AVERAGE(L7:L40), 2), "-") -> 8.81 | M41: =IFERROR(ROUND(AVERAGE(M7:M40), 2), "-") -> 62.25 | N41: =IFERROR(ROUND(AVERAGE(N7:N40), 2), "-") -> 2.16
A42: คะแนนสูงสุด (Max) | F42: =IFERROR(MAX(F7:F40), "-") -> 20 | G42: =IFERROR(MAX(G7:G40), "-") -> 89 | H42: =IFERROR(MAX(H7:H40), "-") -> 44.5 | I42: =IFERROR(MAX(I7:I40), "-") -> 71 | J42: =IFERROR(MAX(J7:J40), "-") -> 7.1 | K42: =IFERROR(MAX(K7:K40), "-") -> 45 | L42: =IFERROR(MAX(L7:L40), "-") -> 18 | M42: =IFERROR(MAX(M7:M40), "-") -> 87.6 | N42: =IFERROR(MAX(N7:N40), "-") -> 4
A43: คะแนนต่ำสุด (Min) | F43: =IFERROR(MIN(F7:F40), "-") -> 10 | G43: =IFERROR(MIN(G7:G40), "-") -> 9 | H43: =IFERROR(MIN(H7:H40), "-") -> 4.5 | I43: =IFERROR(MIN(I7:I40), "-") -> 8 | J43: =IFERROR(MIN(J7:J40), "-") -> 0 | K43: =IFERROR(MIN(K7:K40), "-") -> 6 | L43: =IFERROR(MIN(L7:L40), "-") -> 0 | M43: =IFERROR(MIN(M7:M40), "-") -> 14.5 | N43: =IFERROR(MIN(N7:N40), "-") -> 0
A44: ส่วนเบี่ยงเบนมาตรฐาน (S.D.) | F44: =IFERROR(ROUND(_xludf.STDEV.P(F7:F40), 2), "-") -> - | G44: =IFERROR(ROUND(_xludf.STDEV.P(G7:G40), 2), "-") -> - | H44: =IFERROR(ROUND(_xludf.STDEV.P(H7:H40), 2), "-") -> - | I44: =IFERROR(ROUND(_xludf.STDEV.P(I7:I40), 2), "-") -> - | J44: =IFERROR(ROUND(_xludf.STDEV.P(J7:J40), 2), "-") -> - | K44: =IFERROR(ROUND(_xludf.STDEV.P(K7:K40), 2), "-") -> - | L44: =IFERROR(ROUND(_xludf.STDEV.P(L7:L40), 2), "-") -> - | M44: =IFERROR(ROUND(_xludf.STDEV.P(M7:M40), 2), "-") -> - | N44: =IFERROR(ROUND(_xludf.STDEV.P(N7:N40), 2), "-") -> -
